Table,Status,Rows,Elapsed_sec,Error
bill_of_lading_header,FAILED,0,0.1154,"('42S22', ""[42S22] [Microsoft][ODBC Driver 18 for SQL Server][SQL Server]Invalid column name 'shipping_cost_carrier_quote'. (207) (SQLExecute); [42S22] [Microsoft][ODBC Driver 18 for SQL Server][SQL Server]Invalid column name 'shipping_cost_carrier_actual'. (207); [42S22] [Microsoft][ODBC Driver 18 for SQL Server][SQL Server]Invalid column name 'quote_code'. (207); [42S22] [Microsoft][ODBC Driver 18 for SQL Server][SQL Server]Invalid column name 'dimension_shipment'. (207); [42S22] [Microsoft][ODBC Driver 18 for SQL Server][SQL Server]Invalid column name 'email_address'. (207); [42S22] [Microsoft][ODBC Driver 18 for SQL Server][SQL Server]Invalid column name 'notes_difference_reason'. (207); [42S22] [Microsoft][ODBC Driver 18 for SQL Server][SQL Server]Statement(s) could not be prepared. (8180)"")"
bin_created,FAILED,0,0.3330,"('42S02', '[42S02] [Microsoft][ODBC Driver 18 for SQL Server][SQL Server]Cannot find the object ""bin_created"" because it does not exist or you do not have permissions. (4701) (SQLExecDirectW)')"
bin_label,FAILED,0,0.3293,"('42S02', '[42S02] [Microsoft][ODBC Driver 18 for SQL Server][SQL Server]Cannot find the object ""bin_label"" because it does not exist or you do not have permissions. (4701) (SQLExecDirectW)')"
bin_qty_removed,FAILED,0,0.3258,"('42S02', '[42S02] [Microsoft][ODBC Driver 18 for SQL Server][SQL Server]Cannot find the object ""bin_qty_removed"" because it does not exist or you do not have permissions. (4701) (SQLExecDirectW)')"
cancel_charge,FAILED,0,0.0103,"('42S22', ""[42S22] [Microsoft][ODBC Driver 18 for SQL Server][SQL Server]Invalid column name 'jobstatus'. (207) (SQLExecute); [42S22] [Microsoft][ODBC Driver 18 for SQL Server][SQL Server]Statement(s) could not be prepared. (8180)"")"
dealer_credit_history,FAILED,0,0.0222,"('42S22', ""[42S22] [Microsoft][ODBC Driver 18 for SQL Server][SQL Server]Invalid column name 'discount_liner'. (207) (SQLExecute); [42S22] [Microsoft][ODBC Driver 18 for SQL Server][SQL Server]Statement(s) could not be prepared. (8180)"")"
dealer_file_location_financial,FAILED,0,0.3254,"('42S02', '[42S02] [Microsoft][ODBC Driver 18 for SQL Server][SQL Server]Cannot find the object ""dealer_file_location_financial"" because it does not exist or you do not have permissions. (4701) (SQLExecDirectW)')"
dealer_promo_cover,FAILED,0,0.3277,"('42S02', '[42S02] [Microsoft][ODBC Driver 18 for SQL Server][SQL Server]Cannot find the object ""dealer_promo_cover"" because it does not exist or you do not have permissions. (4701) (SQLExecDirectW)')"
dealer_promo_liner,FAILED,0,0.0473,"('42S22', ""[42S22] [Microsoft][ODBC Driver 18 for SQL Server][SQL Server]Invalid column name 'promo_l093h'. (207) (SQLExecute); [42S22] [Microsoft][ODBC Driver 18 for SQL Server][SQL Server]Invalid column name 'promo_l093h_sent'. (207); [42S22] [Microsoft][ODBC Driver 18 for SQL Server][SQL Server]Invalid column name 'promo_h923'. (207); [42S22] [Microsoft][ODBC Driver 18 for SQL Server][SQL Server]Invalid column name 'promo_h923_sent'. (207); [42S22] [Microsoft][ODBC Driver 18 for SQL Server][SQL Server]Statement(s) could not be prepared. (8180)"")"
dealer_sales_journal,FAILED,0,0.3265,"('42S02', '[42S02] [Microsoft][ODBC Driver 18 for SQL Server][SQL Server]Cannot find the object ""dealer_sales_journal"" because it does not exist or you do not have permissions. (4701) (SQLExecDirectW)')"
dealer_same_company,FAILED,0,0.3292,"('42S02', '[42S02] [Microsoft][ODBC Driver 18 for SQL Server][SQL Server]Cannot find the object ""dealer_same_company"" because it does not exist or you do not have permissions. (4701) (SQLExecDirectW)')"
dealer_unique_pricing,FAILED,0,0.3258,"('42S02', '[42S02] [Microsoft][ODBC Driver 18 for SQL Server][SQL Server]Cannot find the object ""dealer_unique_pricing"" because it does not exist or you do not have permissions. (4701) (SQLExecDirectW)')"
file_type,FAILED,0,0.3307,"('42S02', '[42S02] [Microsoft][ODBC Driver 18 for SQL Server][SQL Server]Cannot find the object ""file_type"" because it does not exist or you do not have permissions. (4701) (SQLExecDirectW)')"
flat_rates_h,FAILED,0,0.3245,"('42S02', '[42S02] [Microsoft][ODBC Driver 18 for SQL Server][SQL Server]Cannot find the object ""flat_rates_h"" because it does not exist or you do not have permissions. (4701) (SQLExecDirectW)')"
flat_rates_state_h,FAILED,0,0.3281,"('42S02', '[42S02] [Microsoft][ODBC Driver 18 for SQL Server][SQL Server]Cannot find the object ""flat_rates_state_h"" because it does not exist or you do not have permissions. (4701) (SQLExecDirectW)')"
hardware_h,FAILED,0,0.1194,"('42S22', ""[42S22] [Microsoft][ODBC Driver 18 for SQL Server][SQL Server]Invalid column name 'max_discount'. (207) (SQLExecute); [42S22] [Microsoft][ODBC Driver 18 for SQL Server][SQL Server]Invalid column name 'dealer_only'. (207); [42S22] [Microsoft][ODBC Driver 18 for SQL Server][SQL Server]Statement(s) could not be prepared. (8180)"")"
lll_users,FAILED,0,0.0257,"('42S22', ""[42S22] [Microsoft][ODBC Driver 18 for SQL Server][SQL Server]Invalid column name 'prep_version'. (207) (SQLExecute); [42S22] [Microsoft][ODBC Driver 18 for SQL Server][SQL Server]Statement(s) could not be prepared. (8180)"")"
machine_parts,FAILED,0,0.3215,"('42S02', '[42S02] [Microsoft][ODBC Driver 18 for SQL Server][SQL Server]Cannot find the object ""machine_parts"" because it does not exist or you do not have permissions. (4701) (SQLExecDirectW)')"
machine_parts_removed_entry,FAILED,0,0.3275,"('42S02', '[42S02] [Microsoft][ODBC Driver 18 for SQL Server][SQL Server]Cannot find the object ""machine_parts_removed_entry"" because it does not exist or you do not have permissions. (4701) (SQLExecDirectW)')"
machine_parts_removed_group,FAILED,0,0.3281,"('42S02', '[42S02] [Microsoft][ODBC Driver 18 for SQL Server][SQL Server]Cannot find the object ""machine_parts_removed_group"" because it does not exist or you do not have permissions. (4701) (SQLExecDirectW)')"
machine_parts_taken_out,FAILED,0,0.3272,"('42S02', '[42S02] [Microsoft][ODBC Driver 18 for SQL Server][SQL Server]Cannot find the object ""machine_parts_taken_out"" because it does not exist or you do not have permissions. (4701) (SQLExecDirectW)')"
machine_production,FAILED,0,0.3272,"('42S02', '[42S02] [Microsoft][ODBC Driver 18 for SQL Server][SQL Server]Cannot find the object ""machine_production"" because it does not exist or you do not have permissions. (4701) (SQLExecDirectW)')"
machine_sewing,FAILED,0,0.3277,"('42S02', '[42S02] [Microsoft][ODBC Driver 18 for SQL Server][SQL Server]Cannot find the object ""machine_sewing"" because it does not exist or you do not have permissions. (4701) (SQLExecDirectW)')"
prep_claimed_drafting,FAILED,0,0.3283,"('42S02', '[42S02] [Microsoft][ODBC Driver 18 for SQL Server][SQL Server]Cannot find the object ""prep_claimed_drafting"" because it does not exist or you do not have permissions. (4701) (SQLExecDirectW)')"
prep_file_location,FAILED,0,0.0348,"('42S22', ""[42S22] [Microsoft][ODBC Driver 18 for SQL Server][SQL Server]Invalid column name 'file_processed'. (207) (SQLExecute); [42S22] [Microsoft][ODBC Driver 18 for SQL Server][SQL Server]Invalid column name 'forward_email_accounting'. (207); [42S22] [Microsoft][ODBC Driver 18 for SQL Server][SQL Server]Statement(s) could not be prepared. (8180)"")"
prep_linerwall_nobasket,FAILED,0,0.3226,"('42S02', '[42S02] [Microsoft][ODBC Driver 18 for SQL Server][SQL Server]Cannot find the object ""prep_linerwall_nobasket"" because it does not exist or you do not have permissions. (4701) (SQLExecDirectW)')"
prep_ra_hardware,FAILED,0,0.0519,"('42S22', ""[42S22] [Microsoft][ODBC Driver 18 for SQL Server][SQL Server]Invalid column name 'start_prorated_warranty'. (207) (SQLExecute); [42S22] [Microsoft][ODBC Driver 18 for SQL Server][SQL Server]Statement(s) could not be prepared. (8180)"")"
product_bluedot,FAILED,0,0.3376,"('42S02', '[42S02] [Microsoft][ODBC Driver 18 for SQL Server][SQL Server]Cannot find the object ""product_bluedot"" because it does not exist or you do not have permissions. (4701) (SQLExecDirectW)')"
promo_type,FAILED,0,0.0488,"('42S22', ""[42S22] [Microsoft][ODBC Driver 18 for SQL Server][SQL Server]Invalid column name 'alert_email_flag'. (207) (SQLExecute); [42S22] [Microsoft][ODBC Driver 18 for SQL Server][SQL Server]Statement(s) could not be prepared. (8180)"")"
que_rtn_dealer_notify_prep,FAILED,0,0.3252,"('42S02', '[42S02] [Microsoft][ODBC Driver 18 for SQL Server][SQL Server]Cannot find the object ""que_rtn_dealer_notify_prep"" because it does not exist or you do not have permissions. (4701) (SQLExecDirectW)')"
replacement_cover_request,FAILED,0,0.0983,"('42S22', ""[42S22] [Microsoft][ODBC Driver 18 for SQL Server][SQL Server]Invalid column name 'aqua_extreme_color_question'. (207) (SQLExecute); [42S22] [Microsoft][ODBC Driver 18 for SQL Server][SQL Server]Statement(s) could not be prepared. (8180)"")"
rtn_bluesheet,FAILED,0,0.1502,"('42S22', ""[42S22] [Microsoft][ODBC Driver 18 for SQL Server][SQL Server]Invalid column name 'box_replacement'. (207) (SQLExecute); [42S22] [Microsoft][ODBC Driver 18 for SQL Server][SQL Server]Invalid column name 'date_label_sent'. (207); [42S22] [Microsoft][ODBC Driver 18 for SQL Server][SQL Server]Invalid column name 'email_address_label'. (207); [42S22] [Microsoft][ODBC Driver 18 for SQL Server][SQL Server]Invalid column name 'prep_id_preexisting'. (207); [42S22] [Microsoft][ODBC Driver 18 for SQL Server][SQL Server]Invalid column name 'no_box_needed'. (207); [42S22] [Microsoft][ODBC Driver 18 for SQL Server][SQL Server]Statement(s) could not be prepared. (8180)"")"
Sales_call_log,FAILED,0,2.5286,"('23000', ""[23000] [Microsoft][ODBC Driver 18 for SQL Server][SQL Server]Violation of PRIMARY KEY constraint 'PK__Sales_ca__B9E8B39EABEF45F3'. Cannot insert duplicate key in object 'dbo.Sales_call_log'. The duplicate key value is (chris , 458). (2627) (SQLExecute); [23000] [Microsoft][ODBC Driver 18 for SQL Server][SQL Server]The statement has been terminated. (3621)"")"
special_instructions,FAILED,0,0.0397,"('42S22', ""[42S22] [Microsoft][ODBC Driver 18 for SQL Server][SQL Server]Invalid column name 'print_documents'. (207) (SQLExecute); [42S22] [Microsoft][ODBC Driver 18 for SQL Server][SQL Server]Invalid column name 'highlight_color'. (207); [42S22] [Microsoft][ODBC Driver 18 for SQL Server][SQL Server]Statement(s) could not be prepared. (8180)"")"
standards,FAILED,0,0.1198,"('42S22', ""[42S22] [Microsoft][ODBC Driver 18 for SQL Server][SQL Server]Invalid column name 'stock_id_aqua'. (207) (SQLExecute); [42S22] [Microsoft][ODBC Driver 18 for SQL Server][SQL Server]Statement(s) could not be prepared. (8180)"")"
standards_treatment,FAILED,0,0.0143,"('42S22', ""[42S22] [Microsoft][ODBC Driver 18 for SQL Server][SQL Server]Invalid column name 'id'. (207) (SQLExecute); [42S22] [Microsoft][ODBC Driver 18 for SQL Server][SQL Server]Statement(s) could not be prepared. (8180)"")"
stock_backup,FAILED,0,0.0441,"('23000', ""[23000] [Microsoft][ODBC Driver 18 for SQL Server][SQL Server]Violation of PRIMARY KEY constraint 'PK__stock_ba__E545819304B0FCF6'. Cannot insert duplicate key in object 'dbo.stock_backup'. The duplicate key value is (20060068). (2627) (SQLExecute); [23000] [Microsoft][ODBC Driver 18 for SQL Server][SQL Server]The statement has been terminated. (3621); [23000] [Microsoft][ODBC Driver 18 for SQL Server][SQL Server]Violation of PRIMARY KEY constraint 'PK__stock_ba__E545819304B0FCF6'. Cannot insert duplicate key in object 'dbo.stock_backup'. The duplicate key value is (20060072). (2627); [23000] [Microsoft][ODBC Driver 18 for SQL Server][SQL Server]The statement has been terminated. (3621); [23000] [Microsoft][ODBC Driver 18 for SQL Server][SQL Server]Violation of PRIMARY KEY constraint 'PK__stock_ba__E545819304B0FCF6'. Cannot insert duplicate key in object 'dbo.stock_backup'. The duplicate key value is (20060076). (2627); [23000] [Microsoft][ODBC Driver 18 for SQL Server][SQL Server]The statement has been terminated. (3621); [23000] [Microsoft][ODBC Driver 18 for SQL Server][SQL Server]Violation of PRIMARY KEY constraint 'PK__stock_ba__E545819304B0FCF6'. Cannot insert duplicate key in object 'dbo.stock_backup'. The duplicate key value is (20060080). (2627); [23000] [Microsoft][ODBC Driver 18 for SQL Server][SQL Server]The statement has been terminated. (3621); [23000] [Microsoft][ODBC Driver 18 for SQL Server][SQL Server]Violation of PRIMARY KEY constraint 'PK__stock_ba__E545819304B0FCF6'. Cannot insert duplicate key in object 'dbo.stock_backup'. The duplicate key value is (20060084). (2627); [23000] [Microsoft][ODBC Driver 18 for SQL Server][SQL Server]The statement has been terminated. (3621); [23000] [Microsoft][ODBC Driver 18 for SQL Server][SQL Server]Violation of PRIMARY KEY constraint 'PK__stock_ba__E545819304B0FCF6'. Cannot insert duplicate key in object 'dbo.stock_backup'. The duplicate key value is (20060088). (2627); [23000] [Microsoft][ODBC Driver 18 for SQL Server][SQL Server]The statement has been terminated. (3621); [23000] [Microsoft][ODBC Driver 18 for SQL Server][SQL Server]Violation of PRIMARY KEY constraint 'PK__stock_ba__E545819304B0FCF6'. Cannot insert duplicate key in object 'dbo.stock_backup'. The duplicate key value is (20060092). (2627); [23000] [Microsoft][ODBC Driver 18 for SQL Server][SQL Server]The statement has been terminated. (3621); [23000] [Microsoft][ODBC Driver 18 for SQL Server][SQL Server]Violation of PRIMARY KEY constraint 'PK__stock_ba__E545819304B0FCF6'. Cannot insert duplicate key in object 'dbo.stock_backup'. The duplicate key value is (20060096). (2627); [23000] [Microsoft][ODBC Driver 18 for SQL Server][SQL Server]The statement has been terminated. (3621); [23000] [Microsoft][ODBC Driver 18 for SQL Server][SQL Server]Violation of PRIMARY KEY constraint 'PK__stock_ba__E545819304B0FCF6'. Cannot insert duplicate key in object 'dbo.stock_backup'. The duplicate key value is (20060100). (2627); [23000] [Microsoft][ODBC Driver 18 for SQL Server][SQL Server]The statement has been terminated. (3621); [23000] [Microsoft][ODBC Driver 18 for SQL Server][SQL Server]Violation of PRIMARY KEY constraint 'PK__stock_ba__E545819304B0FCF6'. Cannot insert duplicate key in object 'dbo.stock_backup'. The duplicate key value is (20060104). (2627); [23000] [Microsoft][ODBC Driver 18 for SQL Server][SQL Server]The statement has been terminated. (3621); [23000] [Microsoft][ODBC Driver 18 for SQL Server][SQL Server]Violation of PRIMARY KEY constraint 'PK__stock_ba__E545819304B0FCF6'. Cannot insert duplicate key in object 'dbo.stock_backup'. The duplicate key value is (20060108). (2627); [23000] [Microsoft][ODBC Driver 18 for SQL Server][SQL Server]The statement has been terminated. (3621); [23000] [Microsoft][ODBC Driver 18 for SQL Server][SQL Server]Violation of PRIMARY KEY constraint 'PK__stock_ba__E545819304B0FCF6'. Cannot insert duplicate key in object 'dbo.stock_backup'. The duplicate key value is (20060112). (2627); [23000] [Microsoft][ODBC Driver 18 for SQL Server][SQL Server]The statement has been terminated. (3621); [23000] [Microsoft][ODBC Driver 18 for SQL Server][SQL Server]Violation of PRIMARY KEY constraint 'PK__stock_ba__E545819304B0FCF6'. Cannot insert duplicate key in object 'dbo.stock_backup'. The duplicate key value is (19760308). (2627); [23000] [Microsoft][ODBC Driver 18 for SQL Server][SQL Server]The statement has been terminated. (3621); [23000] [Microsoft][ODBC Driver 18 for SQL Server][SQL Server]Violation of PRIMARY KEY constraint 'PK__stock_ba__E545819304B0FCF6'. Cannot insert duplicate key in object 'dbo.stock_backup'. The duplicate key value is (19760312). (2627); [23000] [Microsoft][ODBC Driver 18 for SQL Server][SQL Server]The statement has been terminated. (3621); [23000] [Microsoft][ODBC Driver 18 for SQL Server][SQL Server]Violation of PRIMARY KEY constraint 'PK__stock_ba__E545819304B0FCF6'. Cannot insert duplicate key in object 'dbo.stock_backup'. The duplicate key value is (19760316). (2627); [23000] [Microsoft][ODBC Driver 18 for SQL Server][SQL Server]The statement has been terminated. (3621); [23000] [Microsoft][ODBC Driver 18 for SQL Server][SQL Server]Violation of PRIMARY KEY constraint 'PK__stock_ba__E545819304B0FCF6'. Cannot insert duplicate key in object 'dbo.stock_backup'. The duplicate key value is (19760320). (2627); [23000] [Microsoft][ODBC Driver 18 for SQL Server][SQL Server]The statement has been terminated. (3621); [23000] [Microsoft][ODBC Driver 18 for SQL Server][SQL Server]Violation of PRIMARY KEY constraint 'PK__stock_ba__E545819304B0FCF6'. Cannot insert duplicate key in object 'dbo.stock_backup'. The duplicate key value is (19760324). (2627); [23000] [Microsoft][ODBC Driver 18 for SQL Server][SQL Server]The statement has been terminated. (3621); [23000] [Microsoft][ODBC Driver 18 for SQL Server][SQL Server]Violation of PRIMARY KEY constraint 'PK__stock_ba__E545819304B0FCF6'. Cannot insert duplicate key in object 'dbo.stock_backup'. The duplicate key value is (19760328). (2627); [23000] [Microsoft][ODBC Driver 18 for SQL Server][SQL Server]The statement has been terminated. (3621); [23000] [Microsoft][ODBC Driver 18 for SQL Server][SQL Server]Violation of PRIMARY KEY constraint 'PK__stock_ba__E545819304B0FCF6'. Cannot insert duplicate key in object 'dbo.stock_backup'. The duplicate key value is (19760332). (2627); [23000] [Microsoft][ODBC Driver 18 for SQL Server][SQL Server]The statement has been terminated. (3621); [23000] [Microsoft][ODBC Driver 18 for SQL Server][SQL Server]Violation of PRIMARY KEY constraint 'PK__stock_ba__E545819304B0FCF6'. Cannot insert duplicate key in object 'dbo.stock_backup'. The duplicate key value is (19760336). (2627); [23000] [Microsoft][ODBC Driver 18 for SQL Server][SQL Server]The statement has been terminated. (3621); [23000] [Microsoft][ODBC Driver 18 for SQL Server][SQL Server]Violation of PRIMARY KEY constraint 'PK__stock_ba__E545819304B0FCF6'. Cannot insert duplicate key in object 'dbo.stock_backup'. The duplicate key value is (18860068). (2627); [23000] [Microsoft][ODBC Driver 18 for SQL Server][SQL Server]The statement has been terminated. (3621); [23000] [Microsoft][ODBC Driver 18 for SQL Server][SQL Server]Violation of PRIMARY KEY constraint 'PK__stock_ba__E545819304B0FCF6'. Cannot insert duplicate key in object 'dbo.stock_backup'. The duplicate key value is (18860072). (2627); [23000] [Microsoft][ODBC Driver 18 for SQL Server][SQL Server]The statement has been terminated. (3621); [23000] [Microsoft][ODBC Driver 18 for SQL Server][SQL Server]Violation of PRIMARY KEY constraint 'PK__stock_ba__E545819304B0FCF6'. Cannot insert duplicate key in object 'dbo.stock_backup'. The duplicate key value is (18860072). (2627); [23000] [Microsoft][ODBC Driver 18 for SQL Server][SQL Server]The statement has been terminated. (3621); [23000] [Microsoft][ODBC Driver 18 for SQL Server][SQL Server]Violation of PRIMARY KEY constraint 'PK__stock_ba__E545819304B0FCF6'. Cannot insert duplicate key in object 'dbo.stock_backup'. The duplicate key value is (18860076). (2627); [23000] [Microsoft][ODBC Driver 18 for SQL Server][SQL Server]The statement has been terminated. (3621); [23000] [Microsoft][ODBC Driver 18 for SQL Server][SQL Server]Violation of PRIMARY KEY constraint 'PK__stock_ba__E545819304B0FCF6'. Cannot insert duplicate key in object 'dbo.stock_backup'. The duplicate key value is (18860076). (2627); [23000] [Microsoft][ODBC Driver 18 for SQL Server][SQL Server]The statement has been terminated. (3621); [23000] [Microsoft][ODBC Driver 18 for SQL Server][SQL Server]Violation of PRIMARY KEY constraint 'PK__stock_ba__E545819304B0FCF6'. Cannot insert duplicate key in object 'dbo.stock_backup'. The duplicate key value is (18860080). (2627); [23000] [Microsoft][ODBC Driver 18 for SQL Server][SQL Server]The statement has been terminated. (3621); [23000] [Microsoft][ODBC Driver 18 for SQL Server][SQL Server]Violation of PRIMARY KEY constraint 'PK__stock_ba__E545819304B0FCF6'. Cannot insert duplicate key in object 'dbo.stock_backup'. The duplicate key value is (18860080). (2627); [23000] [Microsoft][ODBC Driver 18 for SQL Server][SQL Server]The statement has been terminated. (3621); [23000] [Microsoft][ODBC Driver 18 for SQL Server][SQL Server]Violation of PRIMARY KEY constraint 'PK__stock_ba__E545819304B0FCF6'. Cannot insert duplicate key in object 'dbo.stock_backup'. The duplicate key value is (18860084). (2627); [23000] [Microsoft][ODBC Driver 18 for SQL Server][SQL Server]The statement has been terminated. (3621); [23000] [Microsoft][ODBC Driver 18 for SQL Server][SQL Server]Violation of PRIMARY KEY constraint 'PK__stock_ba__E545819304B0FCF6'. Cannot insert duplicate key in object 'dbo.stock_backup'. The duplicate key value is (18960004). (2627); [23000] [Microsoft][ODBC Driver 18 for SQL Server][SQL Server]The statement has been terminated. (3621); [23000] [Microsoft][ODBC Driver 18 for SQL Server][SQL Server]Violation of PRIMARY KEY constraint 'PK__stock_ba__E545819304B0FCF6'. Cannot insert duplicate key in object 'dbo.stock_backup'. The duplicate key value is (18960004). (2627); [23000] [Microsoft][ODBC Driver 18 for SQL Server][SQL Server]The statement has been terminated. (3621); [23000] [Microsoft][ODBC Driver 18 for SQL Server][SQL Server]Violation of PRIMARY KEY constraint 'PK__stock_ba__E545819304B0FCF6'. Cannot insert duplicate key in object 'dbo.stock_backup'. The duplicate key value is (18960008). (2627); [23000] [Microsoft][ODBC Driver 18 for SQL Server][SQL Server]The statement has been terminated. (3621); [23000] [Microsoft][ODBC Driver 18 for SQL Server][SQL Server]Violation of PRIMARY KEY constraint 'PK__stock_ba__E545819304B0FCF6'. Cannot insert duplicate key in object 'dbo.stock_backup'. The duplicate key value is (18960008). (2627); [23000] [Microsoft][ODBC Driver 18 for SQL Server][SQL Server]The statement has been terminated. (3621); [23000] [Microsoft][ODBC Driver 18 for SQL Server][SQL Server]Violation of PRIMARY KEY constraint 'PK__stock_ba__E545819304B0FCF6'. Cannot insert duplicate key in object 'dbo.stock_backup'. The duplicate key value is (18960012). (2627); [23000] [Microsoft][ODBC Driver 18 for SQL Server][SQL Server]The statement has been terminated. (3621); [23000] [Microsoft][ODBC Driver 18 for SQL Server][SQL Server]Violation of PRIMARY KEY constraint 'PK__stock_ba__E545819304B0FCF6'. Cannot insert duplicate key in object 'dbo.stock_backup'. The duplicate key value is (19060004). (2627); [23000] [Microsoft][ODBC Driver 18 for SQL Server][SQL Server]The statement has been terminated. (3621); [23000] [Microsoft][ODBC Driver 18 for SQL Server][SQL Server]Violation of PRIMARY KEY constraint 'PK__stock_ba__E545819304B0FCF6'. Cannot insert duplicate key in object 'dbo.stock_backup'. The duplicate key value is (19060004). (2627); [23000] [Microsoft][ODBC Driver 18 for SQL Server][SQL Server]The statement has been terminated. (3621); [23000] [Microsoft][ODBC Driver 18 for SQL Server][SQL Server]Violation of PRIMARY KEY constraint 'PK__stock_ba__E545819304B0FCF6'. Cannot insert duplicate key in object 'dbo.stock_backup'. The duplicate key value is (19160004). (2627); [23000] [Microsoft][ODBC Driver 18 for SQL Server][SQL Server]The statement has been terminated. (3621); [23000] [Microsoft][ODBC Driver 18 for SQL Server][SQL Server]Violation of PRIMARY KEY constraint 'PK__stock_ba__E545819304B0FCF6'. Cannot insert duplicate key in object 'dbo.stock_backup'. The duplicate key value is (19160004). (2627); [23000] [Microsoft][ODBC Driver 18 for SQL Server][SQL Server]The statement has been terminated. (3621); [23000] [Microsoft][ODBC Driver 18 for SQL Server][SQL Server]Violation of PRIMARY KEY constraint 'PK__stock_ba__E545819304B0FCF6'. Cannot insert duplicate key in object 'dbo.stock_backup'. The duplicate key value is (19160008). (2627); [23000] [Microsoft][ODBC Driver 18 for SQL Server][SQL Server]The statement has been terminated. (3621); [23000] [Microsoft][ODBC Driver 18 for SQL Server][SQL Server]Violation of PRIMARY KEY constraint 'PK__stock_ba__E545819304B0FCF6'. Cannot insert duplicate key in object 'dbo.stock_backup'. The duplicate key value is (19160008). (2627); [23000] [Microsoft][ODBC Driver 18 for SQL Server][SQL Server]The statement has been terminated. (3621); [23000] [Microsoft][ODBC Driver 18 for SQL Server][SQL Server]Violation of PRIMARY KEY constraint 'PK__stock_ba__E545819304B0FCF6'. Cannot insert duplicate key in object 'dbo.stock_backup'. The duplicate key value is (19160012). (2627); [23000] [Microsoft][ODBC Driver 18 for SQL Server][SQL Server]The statement has been terminated. (3621); [23000] [Microsoft][ODBC Driver 18 for SQL Server][SQL Server]Violation of PRIMARY KEY constraint 'PK__stock_ba__E545819304B0FCF6'. Cannot insert duplicate key in object 'dbo.stock_backup'. The duplicate key value is (19160012). (2627); [23000] [Microsoft][ODBC Driver 18 for SQL Server][SQL Server]The statement has been terminated. (3621); [23000] [Microsoft][ODBC Driver 18 for SQL Server][SQL Server]Violation of PRIMARY KEY constraint 'PK__stock_ba__E545819304B0FCF6'. Cannot insert duplicate key in object 'dbo.stock_backup'. The duplicate key value is (19160016). (2627); [23000] [Microsoft][ODBC Driver 18 for SQL Server][SQL Server]The statement has been terminated. (3621); [23000] [Microsoft][ODBC Driver 18 for SQL Server][SQL Server]Violation of PRIMARY KEY constraint 'PK__stock_ba__E545819304B0FCF6'. Cannot insert duplicate key in object 'dbo.stock_backup'. The duplicate key value is (19160016). (2627); [23000] [Microsoft][ODBC Driver 18 for SQL Server][SQL Server]The statement has been terminated. (3621); [23000] [Microsoft][ODBC Driver 18 for SQL Server][SQL Server]Violation of PRIMARY KEY constraint 'PK__stock_ba__E545819304B0FCF6'. Cannot insert duplicate key in object 'dbo.stock_backup'. The duplicate key value is (19160020). (2627); [23000] [Microsoft][ODBC Driver 18 for SQL Server][SQL Server]The statement has been terminated. (3621); [23000] [Microsoft][ODBC Driver 18 for SQL Server][SQL Server]Violation of PRIMARY KEY constraint 'PK__stock_ba__E545819304B0FCF6'. Cannot insert duplicate key in object 'dbo.stock_backup'. The duplicate key value is (19160020). (2627); [23000] [Microsoft][ODBC Driver 18 for SQL Server][SQL Server]The statement has been terminated. (3621); [23000] [Microsoft][ODBC Driver 18 for SQL Server][SQL Server]Violation of PRIMARY KEY constraint 'PK__stock_ba__E545819304B0FCF6'. Cannot insert duplicate key in object 'dbo.stock_backup'. The duplicate key value is (19160024). (2627); [23000] [Microsoft][ODBC Driver 18 for SQL Server][SQL Server]The statement has been terminated. (3621); [23000] [Microsoft][ODBC Driver 18 for SQL Server][SQL Server]Violation of PRIMARY KEY constraint 'PK__stock_ba__E545819304B0FCF6'. Cannot insert duplicate key in object 'dbo.stock_backup'. The duplicate key value is (19160024). (2627); [23000] [Microsoft][ODBC Driver 18 for SQL Server][SQL Server]The statement has been terminated. (3621); [23000] [Microsoft][ODBC Driver 18 for SQL Server][SQL Server]Violation of PRIMARY KEY constraint 'PK__stock_ba__E545819304B0FCF6'. Cannot insert duplicate key in object 'dbo.stock_backup'. The duplicate key value is (19160028). (2627); [23000] [Microsoft][ODBC Driver 18 for SQL Server][SQL Server]The statement has been terminated. (3621); [23000] [Microsoft][ODBC Driver 18 for SQL Server][SQL Server]Violation of PRIMARY KEY constraint 'PK__stock_ba__E545819304B0FCF6'. Cannot insert duplicate key in object 'dbo.stock_backup'. The duplicate key value is (19160028). (2627); [23000] [Microsoft][ODBC Driver 18 for SQL Server][SQL Server]The statement has been terminated. (3621); [23000] [Microsoft][ODBC Driver 18 for SQL Server][SQL Server]Violation of PRIMARY KEY constraint 'PK__stock_ba__E545819304B0FCF6'. Cannot insert duplicate key in object 'dbo.stock_backup'. The duplicate key value is (19160032). (2627); [23000] [Microsoft][ODBC Driver 18 for SQL Server][SQL Server]The statement has been terminated. (3621); [23000] [Microsoft][ODBC Driver 18 for SQL Server][SQL Server]Violation of PRIMARY KEY constraint 'PK__stock_ba__E545819304B0FCF6'. Cannot insert duplicate key in object 'dbo.stock_backup'. The duplicate key value is (19160032). (2627); [23000] [Microsoft][ODBC Driver 18 for SQL Server][SQL Server]The statement has been terminated. (3621); [23000] [Microsoft][ODBC Driver 18 for SQL Server][SQL Server]Violation of PRIMARY KEY constraint 'PK__stock_ba__E545819304B0FCF6'. Cannot insert duplicate key in object 'dbo.stock_backup'. The duplicate key value is (19160036). (2627); [23000] [Microsoft][ODBC Driver 18 for SQL Server][SQL Server]The statement has been terminated. (3621); [23000] [Microsoft][ODBC Driver 18 for SQL Server][SQL Server]Violation of PRIMARY KEY constraint 'PK__stock_ba__E545819304B0FCF6'. Cannot insert duplicate key in object 'dbo.stock_backup'. The duplicate key value is (19160036). (2627); [23000] [Microsoft][ODBC Driver 18 for SQL Server][SQL Server]The statement has been terminated. (3621); [23000] [Microsoft][ODBC Driver 18 for SQL Server][SQL Server]Violation of PRIMARY KEY constraint 'PK__stock_ba__E545819304B0FCF6'. Cannot insert duplicate key in object 'dbo.stock_backup'. The duplicate key value is (19260004). (2627); [23000] [Microsoft][ODBC Driver 18 for SQL Server][SQL Server]The statement has been terminated. (3621); [23000] [Microsoft][ODBC Driver 18 for SQL Server][SQL Server]Violation of PRIMARY KEY constraint 'PK__stock_ba__E545819304B0FCF6'. Cannot insert duplicate key in object 'dbo.stock_backup'. The duplicate key value is (19260004). (2627); [23000] [Microsoft][ODBC Driver 18 for SQL Server][SQL Server]The statement has been terminated. (3621); [23000] [Microsoft][ODBC Driver 18 for SQL Server][SQL Server]Violation of PRIMARY KEY constraint 'PK__stock_ba__E545819304B0FCF6'. Cannot insert duplicate key in object 'dbo.stock_backup'. The duplicate key value is (19260008). (2627); [23000] [Microsoft][ODBC Driver 18 for SQL Server][SQL Server]The statement has been terminated. (3621); [23000] [Microsoft][ODBC Driver 18 for SQL Server][SQL Server]Violation of PRIMARY KEY constraint 'PK__stock_ba__E545819304B0FCF6'. Cannot insert duplicate key in object 'dbo.stock_backup'. The duplicate key value is (19260008). (2627); [23000] [Microsoft][ODBC Driver 18 for SQL Server][SQL Server]The statement has been terminated. (3621); [23000] [Microsoft][ODBC Driver 18 for SQL Server][SQL Server]Violation of PRIMARY KEY constraint 'PK__stock_ba__E545819304B0FCF6'. Cannot insert duplicate key in object 'dbo.stock_backup'. The duplicate key value is (19260012). (2627); [23000] [Microsoft][ODBC Driver 18 for SQL Server][SQL Server]The statement has been terminated. (3621); [23000] [Microsoft][ODBC Driver 18 for SQL Server][SQL Server]Violation of PRIMARY KEY constraint 'PK__stock_ba__E545819304B0FCF6'. Cannot insert duplicate key in object 'dbo.stock_backup'. The duplicate key value is (19260012). (2627); [23000] [Microsoft][ODBC Driver 18 for SQL Server][SQL Server]The statement has been terminated. (3621); [23000] [Microsoft][ODBC Driver 18 for SQL Server][SQL Server]Violation of PRIMARY KEY constraint 'PK__stock_ba__E545819304B0FCF6'. Cannot insert duplicate key in object 'dbo.stock_backup'. The duplicate key value is (19260016). (2627); [23000] [Microsoft][ODBC Driver 18 for SQL Server][SQL Server]The statement has been terminated. (3621); [23000] [Microsoft][ODBC Driver 18 for SQL Server][SQL Server]Violation of PRIMARY KEY constraint 'PK__stock_ba__E545819304B0FCF6'. Cannot insert duplicate key in object 'dbo.stock_backup'. The duplicate key value is (19260016). (2627); [23000] [Microsoft][ODBC Driver 18 for SQL Server][SQL Server]The statement has been terminated. (3621); [23000] [Microsoft][ODBC Driver 18 for SQL Server][SQL Server]Violation of PRIMARY KEY constraint 'PK__stock_ba__E545819304B0FCF6'. Cannot insert duplicate key in object 'dbo.stock_backup'. The duplicate key value is (19260020). (2627); [23000] [Microsoft][ODBC Driver 18 for SQL Server][SQL Server]The statement has been terminated. (3621); [23000] [Microsoft][ODBC Driver 18 for SQL Server][SQL Server]Violation of PRIMARY KEY constraint 'PK__stock_ba__E545819304B0FCF6'. Cannot insert duplicate key in object 'dbo.stock_backup'. The duplicate key value is (19260020). (2627); [23000] [Microsoft][ODBC Driver 18 for SQL Server][SQL Server]The statement has been terminated. (3621); [23000] [Microsoft][ODBC Driver 18 for SQL Server][SQL Server]Violation of PRIMARY KEY constraint 'PK__stock_ba__E545819304B0FCF6'. Cannot insert duplicate key in object 'dbo.stock_backup'. The duplicate key value is (19260024). (2627); [23000] [Microsoft][ODBC Driver 18 for SQL Server][SQL Server]The statement has been terminated. (3621); [23000] [Microsoft][ODBC Driver 18 for SQL Server][SQL Server]Violation of PRIMARY KEY constraint 'PK__stock_ba__E545819304B0FCF6'. Cannot insert duplicate key in object 'dbo.stock_backup'. The duplicate key value is (19260024). (2627); [23000] [Microsoft][ODBC Driver 18 for SQL Server][SQL Server]The statement has been terminated. (3621); [23000] [Microsoft][ODBC Driver 18 for SQL Server][SQL Server]Violation of PRIMARY KEY constraint 'PK__stock_ba__E545819304B0FCF6'. Cannot insert duplicate key in object 'dbo.stock_backup'. The duplicate key value is (19260028). (2627); [23000] [Microsoft][ODBC Driver 18 for SQL Server][SQL Server]The statement has been terminated. (3621); [23000] [Microsoft][ODBC Driver 18 for SQL Server][SQL Server]Violation of PRIMARY KEY constraint 'PK__stock_ba__E545819304B0FCF6'. Cannot insert duplicate key in object 'dbo.stock_backup'. The duplicate key value is (19260028). (2627); [23000] [Microsoft][ODBC Driver 18 for SQL Server][SQL Server]The statement has been terminated. (3621); [23000] [Microsoft][ODBC Driver 18 for SQL Server][SQL Server]Violation of PRIMARY KEY constraint 'PK__stock_ba__E545819304B0FCF6'. Cannot insert duplicate key in object 'dbo.stock_backup'. The duplicate key value is (19260032). (2627); [23000] [Microsoft][ODBC Driver 18 for SQL Server][SQL Server]The statement has been terminated. (3621); [23000] [Microsoft][ODBC Driver 18 for SQL Server][SQL Server]Violation of PRIMARY KEY constraint 'PK__stock_ba__E545819304B0FCF6'. Cannot insert duplicate key in object 'dbo.stock_backup'. The duplicate key value is (19260032). (2627); [23000] [Microsoft][ODBC Driver 18 for SQL Server][SQL Server]The statement has been terminated. (3621); [23000] [Microsoft][ODBC Driver 18 for SQL Server][SQL Server]Violation of PRIMARY KEY constraint 'PK__stock_ba__E545819304B0FCF6'. Cannot insert duplicate key in object 'dbo.stock_backup'. The duplicate key value is (19260036). (2627); [23000] [Microsoft][ODBC Driver 18 for SQL Server][SQL Server]The statement has been terminated. (3621); [23000] [Microsoft][ODBC Driver 18 for SQL Server][SQL Server]Violation of PRIMARY KEY constraint 'PK__stock_ba__E545819304B0FCF6'. Cannot insert duplicate key in object 'dbo.stock_backup'. The duplicate key value is (19260036). (2627); [23000] [Microsoft][ODBC Driver 18 for SQL Server][SQL Server]The statement has been terminated. (3621); [23000] [Microsoft][ODBC Driver 18 for SQL Server][SQL Server]Violation of PRIMARY KEY constraint 'PK__stock_ba__E545819304B0FCF6'. Cannot insert duplicate key in object 'dbo.stock_backup'. The duplicate key value is (19260040). (2627); [23000] [Microsoft][ODBC Driver 18 for SQL Server][SQL Server]The statement has been terminated. (3621); [23000] [Microsoft][ODBC Driver 18 for SQL Server][SQL Server]Violation of PRIMARY KEY constraint 'PK__stock_ba__E545819304B0FCF6'. Cannot insert duplicate key in object 'dbo.stock_backup'. The duplicate key value is (19260040). (2627); [23000] [Microsoft][ODBC Driver 18 for SQL Server][SQL Server]The statement has been terminated. (3621); [23000] [Microsoft][ODBC Driver 18 for SQL Server][SQL Server]Violation of PRIMARY KEY constraint 'PK__stock_ba__E545819304B0FCF6'. Cannot insert duplicate key in object 'dbo.stock_backup'. The duplicate key value is (19260044). (2627); [23000] [Microsoft][ODBC Driver 18 for SQL Server][SQL Server]The statement has been terminated. (3621); [23000] [Microsoft][ODBC Driver 18 for SQL Server][SQL Server]Violation of PRIMARY KEY constraint 'PK__stock_ba__E545819304B0FCF6'. Cannot insert duplicate key in object 'dbo.stock_backup'. The duplicate key value is (19260044). (2627); [23000] [Microsoft][ODBC Driver 18 for SQL Server][SQL Server]The statement has been terminated. (3621); [23000] [Microsoft][ODBC Driver 18 for SQL Server][SQL Server]Violation of PRIMARY KEY constraint 'PK__stock_ba__E545819304B0FCF6'. Cannot insert duplicate key in object 'dbo.stock_backup'. The duplicate key value is (19360004). (2627); [23000] [Microsoft][ODBC Driver 18 for SQL Server][SQL Server]The statement has been terminated. (3621); [23000] [Microsoft][ODBC Driver 18 for SQL Server][SQL Server]Violation of PRIMARY KEY constraint 'PK__stock_ba__E545819304B0FCF6'. Cannot insert duplicate key in object 'dbo.stock_backup'. The duplicate key value is (19360004). (2627); [23000] [Microsoft][ODBC Driver 18 for SQL Server][SQL Server]The statement has been terminated. (3621); [23000] [Microsoft][ODBC Driver 18 for SQL Server][SQL Server]Violation of PRIMARY KEY constraint 'PK__stock_ba__E545819304B0FCF6'. Cannot insert duplicate key in object 'dbo.stock_backup'. The duplicate key value is (19360008). (2627); [23000] [Microsoft][ODBC Driver 18 for SQL Server][SQL Server]The statement has been terminated. (3621); [23000] [Microsoft][ODBC Driver 18 for SQL Server][SQL Server]Violation of PRIMARY KEY constraint 'PK__stock_ba__E545819304B0FCF6'. Cannot insert duplicate key in object 'dbo.stock_backup'. The duplicate key value is (19360008). (2627); [23000] [Microsoft][ODBC Driver 18 for SQL Server][SQL Server]The statement has been terminated. (3621); [23000] [Microsoft][ODBC Driver 18 for SQL Server][SQL Server]Violation of PRIMARY KEY constraint 'PK__stock_ba__E545819304B0FCF6'. Cannot insert duplicate key in object 'dbo.stock_backup'. The duplicate key value is (19360012). (2627); [23000] [Microsoft][ODBC Driver 18 for SQL Server][SQL Server]The statement has been terminated. (3621); [23000] [Microsoft][ODBC Driver 18 for SQL Server][SQL Server]Violation of PRIMARY KEY constraint 'PK__stock_ba__E545819304B0FCF6'. Cannot insert duplicate key in object 'dbo.stock_backup'. The duplicate key value is (19360012). (2627); [23000] [Microsoft][ODBC Driver 18 for SQL Server][SQL Server]The statement has been terminated. (3621); [23000] [Microsoft][ODBC Driver 18 for SQL Server][SQL Server]Violation of PRIMARY KEY constraint 'PK__stock_ba__E545819304B0FCF6'. Cannot insert duplicate key in object 'dbo.stock_backup'. The duplicate key value is (19460004). (2627); [23000] [Microsoft][ODBC Driver 18 for SQL Server][SQL Server]The statement has been terminated. (3621); [23000] [Microsoft][ODBC Driver 18 for SQL Server][SQL Server]Violation of PRIMARY KEY constraint 'PK__stock_ba__E545819304B0FCF6'. Cannot insert duplicate key in object 'dbo.stock_backup'. The duplicate key value is (19460004). (2627); [23000] [Microsoft][ODBC Driver 18 for SQL Server][SQL Server]The statement has been terminated. (3621); [23000] [Microsoft][ODBC Driver 18 for SQL Server][SQL Server]Violation of PRIMARY KEY constraint 'PK__stock_ba__E545819304B0FCF6'. Cannot insert duplicate key in object 'dbo.stock_backup'. The duplicate key value is (19560004). (2627); [23000] [Microsoft][ODBC Driver 18 for SQL Server][SQL Server]The statement has been terminated. (3621); [23000] [Microsoft][ODBC Driver 18 for SQL Server][SQL Server]Violation of PRIMARY KEY constraint 'PK__stock_ba__E545819304B0FCF6'. Cannot insert duplicate key in object 'dbo.stock_backup'. The duplicate key value is (19560004). (2627); [23000] [Microsoft][ODBC Driver 18 for SQL Server][SQL Server]The statement has been terminated. (3621); [23000] [Microsoft][ODBC Driver 18 for SQL Server][SQL Server]Violation of PRIMARY KEY constraint 'PK__stock_ba__E545819304B0FCF6'. Cannot insert duplicate key in object 'dbo.stock_backup'. The duplicate key value is (20560200). (2627); [23000] [Microsoft][ODBC Driver 18 for SQL Server][SQL Server]The statement has been terminated. (3621); [23000] [Microsoft][ODBC Driver 18 for SQL Server][SQL Server]Violation of PRIMARY KEY constraint 'PK__stock_ba__E545819304B0FCF6'. Cannot insert duplicate key in object 'dbo.stock_backup'. The duplicate key value is (20560200). (2627); [23000] [Microsoft][ODBC Driver 18 for SQL Server][SQL Server]The statement has been terminated. (3621); [23000] [Microsoft][ODBC Driver 18 for SQL Server][SQL Server]Violation of PRIMARY KEY constraint 'PK__stock_ba__E545819304B0FCF6'. Cannot insert duplicate key in object 'dbo.stock_backup'. The duplicate key value is (20560204). (2627); [23000] [Microsoft][ODBC Driver 18 for SQL Server][SQL Server]The statement has been terminated. (3621); [23000] [Microsoft][ODBC Driver 18 for SQL Server][SQL Server]Violation of PRIMARY KEY constraint 'PK__stock_ba__E545819304B0FCF6'. Cannot insert duplicate key in object 'dbo.stock_backup'. The duplicate key value is (20560204). (2627); [23000] [Microsoft][ODBC Driver 18 for SQL Server][SQL Server]The statement has been terminated. (3621); [23000] [Microsoft][ODBC Driver 18 for SQL Server][SQL Server]Violation of PRIMARY KEY constraint 'PK__stock_ba__E545819304B0FCF6'. Cannot insert duplicate key in object 'dbo.stock_backup'. The duplicate key value is (20560208). (2627); [23000] [Microsoft][ODBC Driver 18 for SQL Server][SQL Server]The statement has been terminated. (3621); [23000] [Microsoft][ODBC Driver 18 for SQL Server][SQL Server]Violation of PRIMARY KEY constraint 'PK__stock_ba__E545819304B0FCF6'. Cannot insert duplicate key in object 'dbo.stock_backup'. The duplicate key value is (20560208). (2627); [23000] [Microsoft][ODBC Driver 18 for SQL Server][SQL Server]The statement has been terminated. (3621); [23000] [Microsoft][ODBC Driver 18 for SQL Server][SQL Server]Violation of PRIMARY KEY constraint 'PK__stock_ba__E545819304B0FCF6'. Cannot insert duplicate key in object 'dbo.stock_backup'. The duplicate key value is (20560212). (2627); [23000] [Microsoft][ODBC Driver 18 for SQL Server][SQL Server]The statement has been terminated. (3621); [23000] [Microsoft][ODBC Driver 18 for SQL Server][SQL Server]Violation of PRIMARY KEY constraint 'PK__stock_ba__E545819304B0FCF6'. Cannot insert duplicate key in object 'dbo.stock_backup'. The duplicate key value is (20560212). (2627); [23000] [Microsoft][ODBC Driver 18 for SQL Server][SQL Server]The statement has been terminated. (3621); [23000] [Microsoft][ODBC Driver 18 for SQL Server][SQL Server]Violation of PRIMARY KEY constraint 'PK__stock_ba__E545819304B0FCF6'. Cannot insert duplicate key in object 'dbo.stock_backup'. The duplicate key value is (20560216). (2627); [23000] [Microsoft][ODBC Driver 18 for SQL Server][SQL Server]The statement has been terminated. (3621); [23000] [Microsoft][ODBC Driver 18 for SQL Server][SQL Server]Violation of PRIMARY KEY constraint 'PK__stock_ba__E545819304B0FCF6'. Cannot insert duplicate key in object 'dbo.stock_backup'. The duplicate key value is (20560216). (2627); [23000] [Microsoft][ODBC Driver 18 for SQL Server][SQL Server]The statement has been terminated. (3621); [23000] [Microsoft][ODBC Driver 18 for SQL Server][SQL Server]Violation of PRIMARY KEY constraint 'PK__stock_ba__E545819304B0FCF6'. Cannot insert duplicate key in object 'dbo.stock_backup'. The duplicate key value is (20560220). (2627); [23000] [Microsoft][ODBC Driver 18 for SQL Server][SQL Server]The statement has been terminated. (3621); [23000] [Microsoft][ODBC Driver 18 for SQL Server][SQL Server]Violation of PRIMARY KEY constraint 'PK__stock_ba__E545819304B0FCF6'. Cannot insert duplicate key in object 'dbo.stock_backup'. The duplicate key value is (20560220). (2627); [23000] [Microsoft][ODBC Driver 18 for SQL Server][SQL Server]The statement has been terminated. (3621); [23000] [Microsoft][ODBC Driver 18 for SQL Server][SQL Server]Violation of PRIMARY KEY constraint 'PK__stock_ba__E545819304B0FCF6'. Cannot insert duplicate key in object 'dbo.stock_backup'. The duplicate key value is (20560224). (2627); [23000] [Microsoft][ODBC Driver 18 for SQL Server][SQL Server]The statement has been terminated. (3621); [23000] [Microsoft][ODBC Driver 18 for SQL Server][SQL Server]Violation of PRIMARY KEY constraint 'PK__stock_ba__E545819304B0FCF6'. Cannot insert duplicate key in object 'dbo.stock_backup'. The duplicate key value is (20560224). (2627); [23000] [Microsoft][ODBC Driver 18 for SQL Server][SQL Server]The statement has been terminated. (3621); [23000] [Microsoft][ODBC Driver 18 for SQL Server][SQL Server]Violation of PRIMARY KEY constraint 'PK__stock_ba__E545819304B0FCF6'. Cannot insert duplicate key in object 'dbo.stock_backup'. The duplicate key value is (20560228). (2627); [23000] [Microsoft][ODBC Driver 18 for SQL Server][SQL Server]The statement has been terminated. (3621); [23000] [Microsoft][ODBC Driver 18 for SQL Server][SQL Server]Violation of PRIMARY KEY constraint 'PK__stock_ba__E545819304B0FCF6'. Cannot insert duplicate key in object 'dbo.stock_backup'. The duplicate key value is (20560228). (2627); [23000] [Microsoft][ODBC Driver 18 for SQL Server][SQL Server]The statement has been terminated. (3621); [23000] [Microsoft][ODBC Driver 18 for SQL Server][SQL Server]Violation of PRIMARY KEY constraint 'PK__stock_ba__E545819304B0FCF6'. Cannot insert duplicate key in object 'dbo.stock_backup'. The duplicate key value is (20560232). (2627); [23000] [Microsoft][ODBC Driver 18 for SQL Server][SQL Server]The statement has been terminated. (3621); [23000] [Microsoft][ODBC Driver 18 for SQL Server][SQL Server]Violation of PRIMARY KEY constraint 'PK__stock_ba__E545819304B0FCF6'. Cannot insert duplicate key in object 'dbo.stock_backup'. The duplicate key value is (20560232). (2627); [23000] [Microsoft][ODBC Driver 18 for SQL Server][SQL Server]The statement has been terminated. (3621); [23000] [Microsoft][ODBC Driver 18 for SQL Server][SQL Server]Violation of PRIMARY KEY constraint 'PK__stock_ba__E545819304B0FCF6'. Cannot insert duplicate key in object 'dbo.stock_backup'. The duplicate key value is (20560236). (2627); [23000] [Microsoft][ODBC Driver 18 for SQL Server][SQL Server]The statement has been terminated. (3621); [23000] [Microsoft][ODBC Driver 18 for SQL Server][SQL Server]Violation of PRIMARY KEY constraint 'PK__stock_ba__E545819304B0FCF6'. Cannot insert duplicate key in object 'dbo.stock_backup'. The duplicate key value is (20560236). (2627); [23000] [Microsoft][ODBC Driver 18 for SQL Server][SQL Server]The statement has been terminated. (3621); [23000] [Microsoft][ODBC Driver 18 for SQL Server][SQL Server]Violation of PRIMARY KEY constraint 'PK__stock_ba__E545819304B0FCF6'. Cannot insert duplicate key in object 'dbo.stock_backup'. The duplicate key value is (20560240). (2627); [23000] [Microsoft][ODBC Driver 18 for SQL Server][SQL Server]The statement has been terminated. (3621); [23000] [Microsoft][ODBC Driver 18 for SQL Server][SQL Server]Violation of PRIMARY KEY constraint 'PK__stock_ba__E545819304B0FCF6'. Cannot insert duplicate key in object 'dbo.stock_backup'. The duplicate key value is (20560240). (2627); [23000] [Microsoft][ODBC Driver 18 for SQL Server][SQL Server]The statement has been terminated. (3621); [23000] [Microsoft][ODBC Driver 18 for SQL Server][SQL Server]Violation of PRIMARY KEY constraint 'PK__stock_ba__E545819304B0FCF6'. Cannot insert duplicate key in object 'dbo.stock_backup'. The duplicate key value is (20560244). (2627); [23000] [Microsoft][ODBC Driver 18 for SQL Server][SQL Server]The statement has been terminated. (3621); [23000] [Microsoft][ODBC Driver 18 for SQL Server][SQL Server]Violation of PRIMARY KEY constraint 'PK__stock_ba__E545819304B0FCF6'. Cannot insert duplicate key in object 'dbo.stock_backup'. The duplicate key value is (20560244). (2627); [23000] [Microsoft][ODBC Driver 18 for SQL Server][SQL Server]The statement has been terminated. (3621); [23000] [Microsoft][ODBC Driver 18 for SQL Server][SQL Server]Violation of PRIMARY KEY constraint 'PK__stock_ba__E545819304B0FCF6'. Cannot insert duplicate key in object 'dbo.stock_backup'. The duplicate key value is (20560248). (2627); [23000] [Microsoft][ODBC Driver 18 for SQL Server][SQL Server]The statement has been terminated. (3621); [23000] [Microsoft][ODBC Driver 18 for SQL Server][SQL Server]Violation of PRIMARY KEY constraint 'PK__stock_ba__E545819304B0FCF6'. Cannot insert duplicate key in object 'dbo.stock_backup'. The duplicate key value is (20560248). (2627); [23000] [Microsoft][ODBC Driver 18 for SQL Server][SQL Server]The statement has been terminated. (3621); [23000] [Microsoft][ODBC Driver 18 for SQL Server][SQL Server]Violation of PRIMARY KEY constraint 'PK__stock_ba__E545819304B0FCF6'. Cannot insert duplicate key in object 'dbo.stock_backup'. The duplicate key value is (20560252). (2627); [23000] [Microsoft][ODBC Driver 18 for SQL Server][SQL Server]The statement has been terminated. (3621); [23000] [Microsoft][ODBC Driver 18 for SQL Server][SQL Server]Violation of PRIMARY KEY constraint 'PK__stock_ba__E545819304B0FCF6'. Cannot insert duplicate key in object 'dbo.stock_backup'. The duplicate key value is (20560252). (2627); [23000] [Microsoft][ODBC Driver 18 for SQL Server][SQL Server]The statement has been terminated. (3621); [23000] [Microsoft][ODBC Driver 18 for SQL Server][SQL Server]Violation of PRIMARY KEY constraint 'PK__stock_ba__E545819304B0FCF6'. Cannot insert duplicate key in object 'dbo.stock_backup'. The duplicate key value is (20560256). (2627); [23000] [Microsoft][ODBC Driver 18 for SQL Server][SQL Server]The statement has been terminated. (3621); [23000] [Microsoft][ODBC Driver 18 for SQL Server][SQL Server]Violation of PRIMARY KEY constraint 'PK__stock_ba__E545819304B0FCF6'. Cannot insert duplicate key in object 'dbo.stock_backup'. The duplicate key value is (20560256). (2627); [23000] [Microsoft][ODBC Driver 18 for SQL Server][SQL Server]The statement has been terminated. (3621); [23000] [Microsoft][ODBC Driver 18 for SQL Server][SQL Server]Violation of PRIMARY KEY constraint 'PK__stock_ba__E545819304B0FCF6'. Cannot insert duplicate key in object 'dbo.stock_backup'. The duplicate key value is (20560260). (2627); [23000] [Microsoft][ODBC Driver 18 for SQL Server][SQL Server]The statement has been terminated. (3621); [23000] [Microsoft][ODBC Driver 18 for SQL Server][SQL Server]Violation of PRIMARY KEY constraint 'PK__stock_ba__E545819304B0FCF6'. Cannot insert duplicate key in object 'dbo.stock_backup'. The duplicate key value is (20560260). (2627); [23000] [Microsoft][ODBC Driver 18 for SQL Server][SQL Server]The statement has been terminated. (3621); [23000] [Microsoft][ODBC Driver 18 for SQL Server][SQL Server]Violation of PRIMARY KEY constraint 'PK__stock_ba__E545819304B0FCF6'. Cannot insert duplicate key in object 'dbo.stock_backup'. The duplicate key value is (20560264). (2627); [23000] [Microsoft][ODBC Driver 18 for SQL Server][SQL Server]The statement has been terminated. (3621); [23000] [Microsoft][ODBC Driver 18 for SQL Server][SQL Server]Violation of PRIMARY KEY constraint 'PK__stock_ba__E545819304B0FCF6'. Cannot insert duplicate key in object 'dbo.stock_backup'. The duplicate key value is (20560264). (2627); [23000] [Microsoft][ODBC Driver 18 for SQL Server][SQL Server]The statement has been terminated. (3621); [23000] [Microsoft][ODBC Driver 18 for SQL Server][SQL Server]Violation of PRIMARY KEY constraint 'PK__stock_ba__E545819304B0FCF6'. Cannot insert duplicate key in object 'dbo.stock_backup'. The duplicate key value is (20560268). (2627); [23000] [Microsoft][ODBC Driver 18 for SQL Server][SQL Server]The statement has been terminated. (3621); [23000] [Microsoft][ODBC Driver 18 for SQL Server][SQL Server]Violation of PRIMARY KEY constraint 'PK__stock_ba__E545819304B0FCF6'. Cannot insert duplicate key in object 'dbo.stock_backup'. The duplicate key value is (20560268). (2627); [23000] [Microsoft][ODBC Driver 18 for SQL Server][SQL Server]The statement has been terminated. (3621); [23000] [Microsoft][ODBC Driver 18 for SQL Server][SQL Server]Violation of PRIMARY KEY constraint 'PK__stock_ba__E545819304B0FCF6'. Cannot insert duplicate key in object 'dbo.stock_backup'. The duplicate key value is (20560272). (2627); [23000] [Microsoft][ODBC Driver 18 for SQL Server][SQL Server]The statement has been terminated. (3621); [23000] [Microsoft][ODBC Driver 18 for SQL Server][SQL Server]Violation of PRIMARY KEY constraint 'PK__stock_ba__E545819304B0FCF6'. Cannot insert duplicate key in object 'dbo.stock_backup'. The duplicate key value is (20560272). (2627); [23000] [Microsoft][ODBC Driver 18 for SQL Server][SQL Server]The statement has been terminated. (3621); [23000] [Microsoft][ODBC Driver 18 for SQL Server][SQL Server]Violation of PRIMARY KEY constraint 'PK__stock_ba__E545819304B0FCF6'. Cannot insert duplicate key in object 'dbo.stock_backup'. The duplicate key value is (20660004). (2627); [23000] [Microsoft][ODBC Driver 18 for SQL Server][SQL Server]The statement has been terminated. (3621); [23000] [Microsoft][ODBC Driver 18 for SQL Server][SQL Server]Violation of PRIMARY KEY constraint 'PK__stock_ba__E545819304B0FCF6'. Cannot insert duplicate key in object 'dbo.stock_backup'. The duplicate key value is (20660004). (2627); [23000] [Microsoft][ODBC Driver 18 for SQL Server][SQL Server]The statement has been terminated. (3621); [23000] [Microsoft][ODBC Driver 18 for SQL Server][SQL Server]Violation of PRIMARY KEY constraint 'PK__stock_ba__E545819304B0FCF6'. Cannot insert duplicate key in object 'dbo.stock_backup'. The duplicate key value is (20660008). (2627); [23000] [Microsoft][ODBC Driver 18 for SQL Server][SQL Server]The statement has been terminated. (3621); [23000] [Microsoft][ODBC Driver 18 for SQL Server][SQL Server]Violation of PRIMARY KEY constraint 'PK__stock_ba__E545819304B0FCF6'. Cannot insert duplicate key in object 'dbo.stock_backup'. The duplicate key value is (20660008). (2627); [23000] [Microsoft][ODBC Driver 18 for SQL Server][SQL Server]The statement has been terminated. (3621); [23000] [Microsoft][ODBC Driver 18 for SQL Server][SQL Server]Violation of PRIMARY KEY constraint 'PK__stock_ba__E545819304B0FCF6'. Cannot insert duplicate key in object 'dbo.stock_backup'. The duplicate key value is (20660012). (2627); [23000] [Microsoft][ODBC Driver 18 for SQL Server][SQL Server]The statement has been terminated. (3621); [23000] [Microsoft][ODBC Driver 18 for SQL Server][SQL Server]Violation of PRIMARY KEY constraint 'PK__stock_ba__E545819304B0FCF6'. Cannot insert duplicate key in object 'dbo.stock_backup'. The duplicate key value is (20660012). (2627); [23000] [Microsoft][ODBC Driver 18 for SQL Server][SQL Server]The statement has been terminated. (3621); [23000] [Microsoft][ODBC Driver 18 for SQL Server][SQL Server]Violation of PRIMARY KEY constraint 'PK__stock_ba__E545819304B0FCF6'. Cannot insert duplicate key in object 'dbo.stock_backup'. The duplicate key value is (20660016). (2627); [23000] [Microsoft][ODBC Driver 18 for SQL Server][SQL Server]The statement has been terminated. (3621); [23000] [Microsoft][ODBC Driver 18 for SQL Server][SQL Server]Violation of PRIMARY KEY constraint 'PK__stock_ba__E545819304B0FCF6'. Cannot insert duplicate key in object 'dbo.stock_backup'. The duplicate key value is (20660016). (2627); [23000] [Microsoft][ODBC Driver 18 for SQL Server][SQL Server]The statement has been terminated. (3621); [23000] [Microsoft][ODBC Driver 18 for SQL Server][SQL Server]Violation of PRIMARY KEY constraint 'PK__stock_ba__E545819304B0FCF6'. Cannot insert duplicate key in object 'dbo.stock_backup'. The duplicate key value is (20660020). (2627); [23000] [Microsoft][ODBC Driver 18 for SQL Server][SQL Server]The statement has been terminated. (3621); [23000] [Microsoft][ODBC Driver 18 for SQL Server][SQL Server]Violation of PRIMARY KEY constraint 'PK__stock_ba__E545819304B0FCF6'. Cannot insert duplicate key in object 'dbo.stock_backup'. The duplicate key value is (20660020). (2627); [23000] [Microsoft][ODBC Driver 18 for SQL Server][SQL Server]The statement has been terminated. (3621); [23000] [Microsoft][ODBC Driver 18 for SQL Server][SQL Server]Violation of PRIMARY KEY constraint 'PK__stock_ba__E545819304B0FCF6'. Cannot insert duplicate key in object 'dbo.stock_backup'. The duplicate key value is (20660024). (2627); [23000] [Microsoft][ODBC Driver 18 for SQL Server][SQL Server]The statement has been terminated. (3621); [23000] [Microsoft][ODBC Driver 18 for SQL Server][SQL Server]Violation of PRIMARY KEY constraint 'PK__stock_ba__E545819304B0FCF6'. Cannot insert duplicate key in object 'dbo.stock_backup'. The duplicate key value is (20660024). (2627); [23000] [Microsoft][ODBC Driver 18 for SQL Server][SQL Server]The statement has been terminated. (3621); [23000] [Microsoft][ODBC Driver 18 for SQL Server][SQL Server]Violation of PRIMARY KEY constraint 'PK__stock_ba__E545819304B0FCF6'. Cannot insert duplicate key in object 'dbo.stock_backup'. The duplicate key value is (20660028). (2627); [23000] [Microsoft][ODBC Driver 18 for SQL Server][SQL Server]The statement has been terminated. (3621); [23000] [Microsoft][ODBC Driver 18 for SQL Server][SQL Server]Violation of PRIMARY KEY constraint 'PK__stock_ba__E545819304B0FCF6'. Cannot insert duplicate key in object 'dbo.stock_backup'. The duplicate key value is (20660028). (2627); [23000] [Microsoft][ODBC Driver 18 for SQL Server][SQL Server]The statement has been terminated. (3621); [23000] [Microsoft][ODBC Driver 18 for SQL Server][SQL Server]Violation of PRIMARY KEY constraint 'PK__stock_ba__E545819304B0FCF6'. Cannot insert duplicate key in object 'dbo.stock_backup'. The duplicate key value is (20660032). (2627); [23000] [Microsoft][ODBC Driver 18 for SQL Server][SQL Server]The statement has been terminated. (3621); [23000] [Microsoft][ODBC Driver 18 for SQL Server][SQL Server]Violation of PRIMARY KEY constraint 'PK__stock_ba__E545819304B0FCF6'. Cannot insert duplicate key in object 'dbo.stock_backup'. The duplicate key value is (20660032). (2627); [23000] [Microsoft][ODBC Driver 18 for SQL Server][SQL Server]The statement has been terminated. (3621); [23000] [Microsoft][ODBC Driver 18 for SQL Server][SQL Server]Violation of PRIMARY KEY constraint 'PK__stock_ba__E545819304B0FCF6'. Cannot insert duplicate key in object 'dbo.stock_backup'. The duplicate key value is (20660036). (2627); [23000] [Microsoft][ODBC Driver 18 for SQL Server][SQL Server]The statement has been terminated. (3621); [23000] [Microsoft][ODBC Driver 18 for SQL Server][SQL Server]Violation of PRIMARY KEY constraint 'PK__stock_ba__E545819304B0FCF6'. Cannot insert duplicate key in object 'dbo.stock_backup'. The duplicate key value is (20660036). (2627); [23000] [Microsoft][ODBC Driver 18 for SQL Server][SQL Server]The statement has been terminated. (3621); [23000] [Microsoft][ODBC Driver 18 for SQL Server][SQL Server]Violation of PRIMARY KEY constraint 'PK__stock_ba__E545819304B0FCF6'. Cannot insert duplicate key in object 'dbo.stock_backup'. The duplicate key value is (20660040). (2627); [23000] [Microsoft][ODBC Driver 18 for SQL Server][SQL Server]The statement has been terminated. (3621); [23000] [Microsoft][ODBC Driver 18 for SQL Server][SQL Server]Violation of PRIMARY KEY constraint 'PK__stock_ba__E545819304B0FCF6'. Cannot insert duplicate key in object 'dbo.stock_backup'. The duplicate key value is (20660040). (2627); [23000] [Microsoft][ODBC Driver 18 for SQL Server][SQL Server]The statement has been terminated. (3621); [23000] [Microsoft][ODBC Driver 18 for SQL Server][SQL Server]Violation of PRIMARY KEY constraint 'PK__stock_ba__E545819304B0FCF6'. Cannot insert duplicate key in object 'dbo.stock_backup'. The duplicate key value is (20660044). (2627); [23000] [Microsoft][ODBC Driver 18 for SQL Server][SQL Server]The statement has been terminated. (3621); [23000] [Microsoft][ODBC Driver 18 for SQL Server][SQL Server]Violation of PRIMARY KEY constraint 'PK__stock_ba__E545819304B0FCF6'. Cannot insert duplicate key in object 'dbo.stock_backup'. The duplicate key value is (20660044). (2627); [23000] [Microsoft][ODBC Driver 18 for SQL Server][SQL Server]The statement has been terminated. (3621); [23000] [Microsoft][ODBC Driver 18 for SQL Server][SQL Server]Violation of PRIMARY KEY constraint 'PK__stock_ba__E545819304B0FCF6'. Cannot insert duplicate key in object 'dbo.stock_backup'. The duplicate key value is (20660048). (2627); [23000] [Microsoft][ODBC Driver 18 for SQL Server][SQL Server]The statement has been terminated. (3621); [23000] [Microsoft][ODBC Driver 18 for SQL Server][SQL Server]Violation of PRIMARY KEY constraint 'PK__stock_ba__E545819304B0FCF6'. Cannot insert duplicate key in object 'dbo.stock_backup'. The duplicate key value is (20660048). (2627); [23000] [Microsoft][ODBC Driver 18 for SQL Server][SQL Server]The statement has been terminated. (3621); [23000] [Microsoft][ODBC Driver 18 for SQL Server][SQL Server]Violation of PRIMARY KEY constraint 'PK__stock_ba__E545819304B0FCF6'. Cannot insert duplicate key in object 'dbo.stock_backup'. The duplicate key value is (20760004). (2627); [23000] [Microsoft][ODBC Driver 18 for SQL Server][SQL Server]The statement has been terminated. (3621); [23000] [Microsoft][ODBC Driver 18 for SQL Server][SQL Server]Violation of PRIMARY KEY constraint 'PK__stock_ba__E545819304B0FCF6'. Cannot insert duplicate key in object 'dbo.stock_backup'. The duplicate key value is (20760004). (2627); [23000] [Microsoft][ODBC Driver 18 for SQL Server][SQL Server]The statement has been terminated. (3621); [23000] [Microsoft][ODBC Driver 18 for SQL Server][SQL Server]Violation of PRIMARY KEY constraint 'PK__stock_ba__E545819304B0FCF6'. Cannot insert duplicate key in object 'dbo.stock_backup'. The duplicate key value is (20760008). (2627); [23000] [Microsoft][ODBC Driver 18 for SQL Server][SQL Server]The statement has been terminated. (3621); [23000] [Microsoft][ODBC Driver 18 for SQL Server][SQL Server]Violation of PRIMARY KEY constraint 'PK__stock_ba__E545819304B0FCF6'. Cannot insert duplicate key in object 'dbo.stock_backup'. The duplicate key value is (20760008). (2627); [23000] [Microsoft][ODBC Driver 18 for SQL Server][SQL Server]The statement has been terminated. (3621); [23000] [Microsoft][ODBC Driver 18 for SQL Server][SQL Server]Violation of PRIMARY KEY constraint 'PK__stock_ba__E545819304B0FCF6'. Cannot insert duplicate key in object 'dbo.stock_backup'. The duplicate key value is (20760012). (2627); [23000] [Microsoft][ODBC Driver 18 for SQL Server][SQL Server]The statement has been terminated. (3621); [23000] [Microsoft][ODBC Driver 18 for SQL Server][SQL Server]Violation of PRIMARY KEY constraint 'PK__stock_ba__E545819304B0FCF6'. Cannot insert duplicate key in object 'dbo.stock_backup'. The duplicate key value is (20760012). (2627); [23000] [Microsoft][ODBC Driver 18 for SQL Server][SQL Server]The statement has been terminated. (3621); [23000] [Microsoft][ODBC Driver 18 for SQL Server][SQL Server]Violation of PRIMARY KEY constraint 'PK__stock_ba__E545819304B0FCF6'. Cannot insert duplicate key in object 'dbo.stock_backup'. The duplicate key value is (20760016). (2627); [23000] [Microsoft][ODBC Driver 18 for SQL Server][SQL Server]The statement has been terminated. (3621); [23000] [Microsoft][ODBC Driver 18 for SQL Server][SQL Server]Violation of PRIMARY KEY constraint 'PK__stock_ba__E545819304B0FCF6'. Cannot insert duplicate key in object 'dbo.stock_backup'. The duplicate key value is (20760016). (2627); [23000] [Microsoft][ODBC Driver 18 for SQL Server][SQL Server]The statement has been terminated. (3621); [23000] [Microsoft][ODBC Driver 18 for SQL Server][SQL Server]Violation of PRIMARY KEY constraint 'PK__stock_ba__E545819304B0FCF6'. Cannot insert duplicate key in object 'dbo.stock_backup'. The duplicate key value is (20760020). (2627); [23000] [Microsoft][ODBC Driver 18 for SQL Server][SQL Server]The statement has been terminated. (3621); [23000] [Microsoft][ODBC Driver 18 for SQL Server][SQL Server]Violation of PRIMARY KEY constraint 'PK__stock_ba__E545819304B0FCF6'. Cannot insert duplicate key in object 'dbo.stock_backup'. The duplicate key value is (20760020). (2627); [23000] [Microsoft][ODBC Driver 18 for SQL Server][SQL Server]The statement has been terminated. (3621); [23000] [Microsoft][ODBC Driver 18 for SQL Server][SQL Server]Violation of PRIMARY KEY constraint 'PK__stock_ba__E545819304B0FCF6'. Cannot insert duplicate key in object 'dbo.stock_backup'. The duplicate key value is (20760024). (2627); [23000] [Microsoft][ODBC Driver 18 for SQL Server][SQL Server]The statement has been terminated. (3621); [23000] [Microsoft][ODBC Driver 18 for SQL Server][SQL Server]Violation of PRIMARY KEY constraint 'PK__stock_ba__E545819304B0FCF6'. Cannot insert duplicate key in object 'dbo.stock_backup'. The duplicate key value is (20760024). (2627); [23000] [Microsoft][ODBC Driver 18 for SQL Server][SQL Server]The statement has been terminated. (3621); [23000] [Microsoft][ODBC Driver 18 for SQL Server][SQL Server]Violation of PRIMARY KEY constraint 'PK__stock_ba__E545819304B0FCF6'. Cannot insert duplicate key in object 'dbo.stock_backup'. The duplicate key value is (20760028). (2627); [23000] [Microsoft][ODBC Driver 18 for SQL Server][SQL Server]The statement has been terminated. (3621); [23000] [Microsoft][ODBC Driver 18 for SQL Server][SQL Server]Violation of PRIMARY KEY constraint 'PK__stock_ba__E545819304B0FCF6'. Cannot insert duplicate key in object 'dbo.stock_backup'. The duplicate key value is (20760028). (2627); [23000] [Microsoft][ODBC Driver 18 for SQL Server][SQL Server]The statement has been terminated. (3621); [23000] [Microsoft][ODBC Driver 18 for SQL Server][SQL Server]Violation of PRIMARY KEY constraint 'PK__stock_ba__E545819304B0FCF6'. Cannot insert duplicate key in object 'dbo.stock_backup'. The duplicate key value is (20760032). (2627); [23000] [Microsoft][ODBC Driver 18 for SQL Server][SQL Server]The statement has been terminated. (3621); [23000] [Microsoft][ODBC Driver 18 for SQL Server][SQL Server]Violation of PRIMARY KEY constraint 'PK__stock_ba__E545819304B0FCF6'. Cannot insert duplicate key in object 'dbo.stock_backup'. The duplicate key value is (20760032). (2627); [23000] [Microsoft][ODBC Driver 18 for SQL Server][SQL Server]The statement has been terminated. (3621); [23000] [Microsoft][ODBC Driver 18 for SQL Server][SQL Server]Violation of PRIMARY KEY constraint 'PK__stock_ba__E545819304B0FCF6'. Cannot insert duplicate key in object 'dbo.stock_backup'. The duplicate key value is (20760036). (2627); [23000] [Microsoft][ODBC Driver 18 for SQL Server][SQL Server]The statement has been terminated. (3621); [23000] [Microsoft][ODBC Driver 18 for SQL Server][SQL Server]Violation of PRIMARY KEY constraint 'PK__stock_ba__E545819304B0FCF6'. Cannot insert duplicate key in object 'dbo.stock_backup'. The duplicate key value is (20760036). (2627); [23000] [Microsoft][ODBC Driver 18 for SQL Server][SQL Server]The statement has been terminated. (3621); [23000] [Microsoft][ODBC Driver 18 for SQL Server][SQL Server]Violation of PRIMARY KEY constraint 'PK__stock_ba__E545819304B0FCF6'. Cannot insert duplicate key in object 'dbo.stock_backup'. The duplicate key value is (20760040). (2627); [23000] [Microsoft][ODBC Driver 18 for SQL Server][SQL Server]The statement has been terminated. (3621); [23000] [Microsoft][ODBC Driver 18 for SQL Server][SQL Server]Violation of PRIMARY KEY constraint 'PK__stock_ba__E545819304B0FCF6'. Cannot insert duplicate key in object 'dbo.stock_backup'. The duplicate key value is (20760040). (2627); [23000] [Microsoft][ODBC Driver 18 for SQL Server][SQL Server]The statement has been terminated. (3621); [23000] [Microsoft][ODBC Driver 18 for SQL Server][SQL Server]Violation of PRIMARY KEY constraint 'PK__stock_ba__E545819304B0FCF6'. Cannot insert duplicate key in object 'dbo.stock_backup'. The duplicate key value is (20760044). (2627); [23000] [Microsoft][ODBC Driver 18 for SQL Server][SQL Server]The statement has been terminated. (3621); [23000] [Microsoft][ODBC Driver 18 for SQL Server][SQL Server]Violation of PRIMARY KEY constraint 'PK__stock_ba__E545819304B0FCF6'. Cannot insert duplicate key in object 'dbo.stock_backup'. The duplicate key value is (20760044). (2627); [23000] [Microsoft][ODBC Driver 18 for SQL Server][SQL Server]The statement has been terminated. (3621); [23000] [Microsoft][ODBC Driver 18 for SQL Server][SQL Server]Violation of PRIMARY KEY constraint 'PK__stock_ba__E545819304B0FCF6'. Cannot insert duplicate key in object 'dbo.stock_backup'. The duplicate key value is (20760048). (2627); [23000] [Microsoft][ODBC Driver 18 for SQL Server][SQL Server]The statement has been terminated. (3621); [23000] [Microsoft][ODBC Driver 18 for SQL Server][SQL Server]Violation of PRIMARY KEY constraint 'PK__stock_ba__E545819304B0FCF6'. Cannot insert duplicate key in object 'dbo.stock_backup'. The duplicate key value is (20760048). (2627); [23000] [Microsoft][ODBC Driver 18 for SQL Server][SQL Server]The statement has been terminated. (3621); [23000] [Microsoft][ODBC Driver 18 for SQL Server][SQL Server]Violation of PRIMARY KEY constraint 'PK__stock_ba__E545819304B0FCF6'. Cannot insert duplicate key in object 'dbo.stock_backup'. The duplicate key value is (20760052). (2627); [23000] [Microsoft][ODBC Driver 18 for SQL Server][SQL Server]The statement has been terminated. (3621); [23000] [Microsoft][ODBC Driver 18 for SQL Server][SQL Server]Violation of PRIMARY KEY constraint 'PK__stock_ba__E545819304B0FCF6'. Cannot insert duplicate key in object 'dbo.stock_backup'. The duplicate key value is (20760052). (2627); [23000] [Microsoft][ODBC Driver 18 for SQL Server][SQL Server]The statement has been terminated. (3621); [23000] [Microsoft][ODBC Driver 18 for SQL Server][SQL Server]Violation of PRIMARY KEY constraint 'PK__stock_ba__E545819304B0FCF6'. Cannot insert duplicate key in object 'dbo.stock_backup'. The duplicate key value is (20760056). (2627); [23000] [Microsoft][ODBC Driver 18 for SQL Server][SQL Server]The statement has been terminated. (3621); [23000] [Microsoft][ODBC Driver 18 for SQL Server][SQL Server]Violation of PRIMARY KEY constraint 'PK__stock_ba__E545819304B0FCF6'. Cannot insert duplicate key in object 'dbo.stock_backup'. The duplicate key value is (20760056). (2627); [23000] [Microsoft][ODBC Driver 18 for SQL Server][SQL Server]The statement has been terminated. (3621); [23000] [Microsoft][ODBC Driver 18 for SQL Server][SQL Server]Violation of PRIMARY KEY constraint 'PK__stock_ba__E545819304B0FCF6'. Cannot insert duplicate key in object 'dbo.stock_backup'. The duplicate key value is (20760060). (2627); [23000] [Microsoft][ODBC Driver 18 for SQL Server][SQL Server]The statement has been terminated. (3621); [23000] [Microsoft][ODBC Driver 18 for SQL Server][SQL Server]Violation of PRIMARY KEY constraint 'PK__stock_ba__E545819304B0FCF6'. Cannot insert duplicate key in object 'dbo.stock_backup'. The duplicate key value is (20760060). (2627); [23000] [Microsoft][ODBC Driver 18 for SQL Server][SQL Server]The statement has been terminated. (3621); [23000] [Microsoft][ODBC Driver 18 for SQL Server][SQL Server]Violation of PRIMARY KEY constraint 'PK__stock_ba__E545819304B0FCF6'. Cannot insert duplicate key in object 'dbo.stock_backup'. The duplicate key value is (20760064). (2627); [23000] [Microsoft][ODBC Driver 18 for SQL Server][SQL Server]The statement has been terminated. (3621); [23000] [Microsoft][ODBC Driver 18 for SQL Server][SQL Server]Violation of PRIMARY KEY constraint 'PK__stock_ba__E545819304B0FCF6'. Cannot insert duplicate key in object 'dbo.stock_backup'. The duplicate key value is (20760064). (2627); [23000] [Microsoft][ODBC Driver 18 for SQL Server][SQL Server]The statement has been terminated. (3621); [23000] [Microsoft][ODBC Driver 18 for SQL Server][SQL Server]Violation of PRIMARY KEY constraint 'PK__stock_ba__E545819304B0FCF6'. Cannot insert duplicate key in object 'dbo.stock_backup'. The duplicate key value is (20760068). (2627); [23000] [Microsoft][ODBC Driver 18 for SQL Server][SQL Server]The statement has been terminated. (3621); [23000] [Microsoft][ODBC Driver 18 for SQL Server][SQL Server]Violation of PRIMARY KEY constraint 'PK__stock_ba__E545819304B0FCF6'. Cannot insert duplicate key in object 'dbo.stock_backup'. The duplicate key value is (20760068). (2627); [23000] [Microsoft][ODBC Driver 18 for SQL Server][SQL Server]The statement has been terminated. (3621); [23000] [Microsoft][ODBC Driver 18 for SQL Server][SQL Server]Violation of PRIMARY KEY constraint 'PK__stock_ba__E545819304B0FCF6'. Cannot insert duplicate key in object 'dbo.stock_backup'. The duplicate key value is (20760072). (2627); [23000] [Microsoft][ODBC Driver 18 for SQL Server][SQL Server]The statement has been terminated. (3621); [23000] [Microsoft][ODBC Driver 18 for SQL Server][SQL Server]Violation of PRIMARY KEY constraint 'PK__stock_ba__E545819304B0FCF6'. Cannot insert duplicate key in object 'dbo.stock_backup'. The duplicate key value is (20860004). (2627); [23000] [Microsoft][ODBC Driver 18 for SQL Server][SQL Server]The statement has been terminated. (3621); [23000] [Microsoft][ODBC Driver 18 for SQL Server][SQL Server]Violation of PRIMARY KEY constraint 'PK__stock_ba__E545819304B0FCF6'. Cannot insert duplicate key in object 'dbo.stock_backup'. The duplicate key value is (20860004). (2627); [23000] [Microsoft][ODBC Driver 18 for SQL Server][SQL Server]The statement has been terminated. (3621); [23000] [Microsoft][ODBC Driver 18 for SQL Server][SQL Server]Violation of PRIMARY KEY constraint 'PK__stock_ba__E545819304B0FCF6'. Cannot insert duplicate key in object 'dbo.stock_backup'. The duplicate key value is (20860008). (2627); [23000] [Microsoft][ODBC Driver 18 for SQL Server][SQL Server]The statement has been terminated. (3621); [23000] [Microsoft][ODBC Driver 18 for SQL Server][SQL Server]Violation of PRIMARY KEY constraint 'PK__stock_ba__E545819304B0FCF6'. Cannot insert duplicate key in object 'dbo.stock_backup'. The duplicate key value is (20860008). (2627); [23000] [Microsoft][ODBC Driver 18 for SQL Server][SQL Server]The statement has been terminated. (3621); [23000] [Microsoft][ODBC Driver 18 for SQL Server][SQL Server]Violation of PRIMARY KEY constraint 'PK__stock_ba__E545819304B0FCF6'. Cannot insert duplicate key in object 'dbo.stock_backup'. The duplicate key value is (20860012). (2627); [23000] [Microsoft][ODBC Driver 18 for SQL Server][SQL Server]The statement has been terminated. (3621); [23000] [Microsoft][ODBC Driver 18 for SQL Server][SQL Server]Violation of PRIMARY KEY constraint 'PK__stock_ba__E545819304B0FCF6'. Cannot insert duplicate key in object 'dbo.stock_backup'. The duplicate key value is (20860012). (2627); [23000] [Microsoft][ODBC Driver 18 for SQL Server][SQL Server]The statement has been terminated. (3621); [23000] [Microsoft][ODBC Driver 18 for SQL Server][SQL Server]Violation of PRIMARY KEY constraint 'PK__stock_ba__E545819304B0FCF6'. Cannot insert duplicate key in object 'dbo.stock_backup'. The duplicate key value is (20860016). (2627); [23000] [Microsoft][ODBC Driver 18 for SQL Server][SQL Server]The statement has been terminated. (3621); [23000] [Microsoft][ODBC Driver 18 for SQL Server][SQL Server]Violation of PRIMARY KEY constraint 'PK__stock_ba__E545819304B0FCF6'. Cannot insert duplicate key in object 'dbo.stock_backup'. The duplicate key value is (20860016). (2627); [23000] [Microsoft][ODBC Driver 18 for SQL Server][SQL Server]The statement has been terminated. (3621); [23000] [Microsoft][ODBC Driver 18 for SQL Server][SQL Server]Violation of PRIMARY KEY constraint 'PK__stock_ba__E545819304B0FCF6'. Cannot insert duplicate key in object 'dbo.stock_backup'. The duplicate key value is (20860020). (2627); [23000] [Microsoft][ODBC Driver 18 for SQL Server][SQL Server]The statement has been terminated. (3621); [23000] [Microsoft][ODBC Driver 18 for SQL Server][SQL Server]Violation of PRIMARY KEY constraint 'PK__stock_ba__E545819304B0FCF6'. Cannot insert duplicate key in object 'dbo.stock_backup'. The duplicate key value is (20860020). (2627); [23000] [Microsoft][ODBC Driver 18 for SQL Server][SQL Server]The statement has been terminated. (3621); [23000] [Microsoft][ODBC Driver 18 for SQL Server][SQL Server]Violation of PRIMARY KEY constraint 'PK__stock_ba__E545819304B0FCF6'. Cannot insert duplicate key in object 'dbo.stock_backup'. The duplicate key value is (20960004). (2627); [23000] [Microsoft][ODBC Driver 18 for SQL Server][SQL Server]The statement has been terminated. (3621); [23000] [Microsoft][ODBC Driver 18 for SQL Server][SQL Server]Violation of PRIMARY KEY constraint 'PK__stock_ba__E545819304B0FCF6'. Cannot insert duplicate key in object 'dbo.stock_backup'. The duplicate key value is (20960004). (2627); [23000] [Microsoft][ODBC Driver 18 for SQL Server][SQL Server]The statement has been terminated. (3621); [23000] [Microsoft][ODBC Driver 18 for SQL Server][SQL Server]Violation of PRIMARY KEY constraint 'PK__stock_ba__E545819304B0FCF6'. Cannot insert duplicate key in object 'dbo.stock_backup'. The duplicate key value is (20960008). (2627); [23000] [Microsoft][ODBC Driver 18 for SQL Server][SQL Server]The statement has been terminated. (3621); [23000] [Microsoft][ODBC Driver 18 for SQL Server][SQL Server]Violation of PRIMARY KEY constraint 'PK__stock_ba__E545819304B0FCF6'. Cannot insert duplicate key in object 'dbo.stock_backup'. The duplicate key value is (46260004). (2627); [23000] [Microsoft][ODBC Driver 18 for SQL Server][SQL Server]The statement has been terminated. (3621); [23000] [Microsoft][ODBC Driver 18 for SQL Server][SQL Server]Violation of PRIMARY KEY constraint 'PK__stock_ba__E545819304B0FCF6'. Cannot insert duplicate key in object 'dbo.stock_backup'. The duplicate key value is (47460008). (2627); [23000] [Microsoft][ODBC Driver 18 for SQL Server][SQL Server]The statement has been terminated. (3621); [23000] [Microsoft][ODBC Driver 18 for SQL Server][SQL Server]Violation of PRIMARY KEY constraint 'PK__stock_ba__E545819304B0FCF6'. Cannot insert duplicate key in object 'dbo.stock_backup'. The duplicate key value is (47660004). (2627); [23000] [Microsoft][ODBC Driver 18 for SQL Server][SQL Server]The statement has been terminated. (3621)"")"
stock_linked_id_og,FAILED,0,0.3270,"('42S02', '[42S02] [Microsoft][ODBC Driver 18 for SQL Server][SQL Server]Cannot find the object ""stock_linked_id_og"" because it does not exist or you do not have permissions. (4701) (SQLExecDirectW)')"
stock_master,FAILED,0,0.2599,"('Converting decimal loses precision', 'HY000')"
syscon,FAILED,0,0.1698,"('Converting decimal loses precision', 'HY000')"
tech_bleep,FAILED,0,0.0567,"('23000', ""[23000] [Microsoft][ODBC Driver 18 for SQL Server][SQL Server]Violation of PRIMARY KEY constraint 'PK__tech_ble__BBEEF891322B554A'. Cannot insert duplicate key in object 'dbo.tech_bleep'. The duplicate key value is (844373, MARCZ                    , 2016-12-28 11:22:44). (2627) (SQLExecute); [23000] [Microsoft][ODBC Driver 18 for SQL Server][SQL Server]The statement has been terminated. (3621); [23000] [Microsoft][ODBC Driver 18 for SQL Server][SQL Server]Violation of PRIMARY KEY constraint 'PK__tech_ble__BBEEF891322B554A'. Cannot insert duplicate key in object 'dbo.tech_bleep'. The duplicate key value is (844403, MARCZ                    , 2016-12-28 15:49:25). (2627); [23000] [Microsoft][ODBC Driver 18 for SQL Server][SQL Server]The statement has been terminated. (3621); [23000] [Microsoft][ODBC Driver 18 for SQL Server][SQL Server]Violation of PRIMARY KEY constraint 'PK__tech_ble__BBEEF891322B554A'. Cannot insert duplicate key in object 'dbo.tech_bleep'. The duplicate key value is (844189, DENNISW                  , 2017-01-11 11:58:05). (2627); [23000] [Microsoft][ODBC Driver 18 for SQL Server][SQL Server]The statement has been terminated. (3621)"")"
tech_treat,FAILED,0,0.0206,"('23000', ""[23000] [Microsoft][ODBC Driver 18 for SQL Server][SQL Server]Violation of PRIMARY KEY constraint 'PK__tech_tre__10C7D77ED7A39606'. Cannot insert duplicate key in object 'dbo.tech_treat'. The duplicate key value is (ALL TEXTURED LInER ). (2627) (SQLExecute); [23000] [Microsoft][ODBC Driver 18 for SQL Server][SQL Server]The statement has been terminated. (3621); [23000] [Microsoft][ODBC Driver 18 for SQL Server][SQL Server]Violation of PRIMARY KEY constraint 'PK__tech_tre__10C7D77ED7A39606'. Cannot insert duplicate key in object 'dbo.tech_treat'. The duplicate key value is (). (2627); [23000] [Microsoft][ODBC Driver 18 for SQL Server][SQL Server]The statement has been terminated. (3621); [23000] [Microsoft][ODBC Driver 18 for SQL Server][SQL Server]Violation of PRIMARY KEY constraint 'PK__tech_tre__10C7D77ED7A39606'. Cannot insert duplicate key in object 'dbo.tech_treat'. The duplicate key value is (Tex Tread Meribella Seas). (2627); [23000] [Microsoft][ODBC Driver 18 for SQL Server][SQL Server]The statement has been terminated. (3621)"")"
treatment_h,FAILED,0,0.0982,"('42S22', ""[42S22] [Microsoft][ODBC Driver 18 for SQL Server][SQL Server]Invalid column name 'difficulty_rating'. (207) (SQLExecute); [42S22] [Microsoft][ODBC Driver 18 for SQL Server][SQL Server]Invalid column name 'max_discount'. (207); [42S22] [Microsoft][ODBC Driver 18 for SQL Server][SQL Server]Invalid column name 'highlight_color'. (207); [42S22] [Microsoft][ODBC Driver 18 for SQL Server][SQL Server]Invalid column name 'is_textured'. (207); [42S22] [Microsoft][ODBC Driver 18 for SQL Server][SQL Server]Statement(s) could not be prepared. (8180)"")"
ups_shipping_cost,FAILED,0,0.3267,"('42S02', '[42S02] [Microsoft][ODBC Driver 18 for SQL Server][SQL Server]Cannot find the object ""ups_shipping_cost"" because it does not exist or you do not have permissions. (4701) (SQLExecDirectW)')"
vendor_purchases_orders,FAILED,0,0.0516,"('42S22', ""[42S22] [Microsoft][ODBC Driver 18 for SQL Server][SQL Server]Invalid column name 'discount_percentage'. (207) (SQLExecute); [42S22] [Microsoft][ODBC Driver 18 for SQL Server][SQL Server]Invalid column name 'discount_amount'. (207); [42S22] [Microsoft][ODBC Driver 18 for SQL Server][SQL Server]Statement(s) could not be prepared. (8180)"")"
warranty_header_preinvoiced,FAILED,0,0.0259,"('42S22', ""[42S22] [Microsoft][ODBC Driver 18 for SQL Server][SQL Server]Invalid column name 'email_address'. (207) (SQLExecute); [42S22] [Microsoft][ODBC Driver 18 for SQL Server][SQL Server]Statement(s) could not be prepared. (8180)"")"
